rank,movie,boxoffice,in_millions
1,"Avatar (2009)",760505847,760.505847
2,"Titanic (1997)",658672302,658.672302
3,"Jurassic World (2015)",642978555,642.978555
4,"The Avengers (2012)",623279547,623.279547
5,"The Dark Knight (2008)",533316061,533.316061
6,"Star Wars: Episode I - The Phantom Menace (1999)",474544677,474.544677
7,"Star Wars (1977)",460935665,460.935665
8,"Avengers: Age of Ultron (2015)",457744064,457.744064
9,"The Dark Knight Rises (2012)",448130642,448.130642
10,"Shrek 2 (2004)",436471036,436.471036
11,"E.T. the Extra-Terrestrial (1982)",434949459,434.949459
12,"The Hunger Games: Catching Fire (2013)",424645577,424.645577
13,"Pirates of the Caribbean: Dead Man's Chest (2006)",423032628,423.032628
14,"The Lion King (1994)",422783777,422.783777
15,"Toy Story 3 (2010)",414984497,414.984497
16,"Iron Man 3 (2013)",408992272,408.992272
17,"The Hunger Games (2012)",407999255,407.999255
18,"Spider-Man (2002)",403706375,403.706375
19,"Jurassic Park (1993)",402348347,402.348347
20,"Transformers: Revenge of the Fallen (2009)",402076689,402.076689
21,"Frozen (2013)",400736600,400.7366
22,"Harry Potter and the Deathly Hallows: Part 2 (2011)",380955619,380.955619
23,"Finding Nemo (2003)",380838870,380.83887
24,"Star Wars: Episode III - Revenge of the Sith (2005)",380262555,380.262555
25,"The Lord of the Rings: The Return of the King (2003)",377019252,377.019252
26,"Spider-Man 2 (2004)",373377893,373.377893
27,"The Passion of the Christ (2004)",370270943,370.270943
28,"Despicable Me 2 (2013)",368049635,368.049635
29,"Transformers: Dark of the Moon (2011)",352358779,352.358779
30,"American Sniper (2014)",350123553,350.123553
31,"Furious 7 (2015)",350034110,350.03411
32,"Inside Out (2015)",349526793,349.526793
33,"The Lord of the Rings: The Two Towers (2002)",340478898,340.478898
34,"The Hunger Games: Mockingjay - Part 1 (2014)",337103873,337.103873
35,"Spider-Man 3 (2007)",336530303,336.530303
36,"Alice in Wonderland (2010)",334185206,334.185206
37,"Guardians of the Galaxy (2014)",333130696,333.130696
38,"Forrest Gump (1994)",329691196,329.691196
39,"Minions (2015)",328774550,328.77455
40,"Shrek the Third (2007)",320706665,320.706665
41,"Transformers (2007)",318759914,318.759914
42,"Iron Man (2008)",318298180,318.29818
43,"Harry Potter and the Sorcerer's Stone (2001)",317557891,317.557891
44,"Indiana Jones and the Kingdom of the Crystal Skull (2008)",317011114,317.011114
45,"The Lord of the Rings: The Fellowship of the Ring (2001)",313837577,313.837577
46,"Iron Man 2 (2010)",312057433,312.057433
47,"Star Wars: Episode II - Attack of the Clones (2002)",310675583,310.675583
48,"Pirates of the Caribbean: At World's End (2007)",309404152,309.404152
49,"Star Wars: Episode VI - Return of the Jedi (1983)",309125409,309.125409
50,"Independence Day (1996)",306124059,306.124059
51,"Pirates of the Caribbean: The Curse of the Black Pearl (2003)",305388685,305.388685
52,"Skyfall (2012)",304360277,304.360277
53,"The Hobbit: An Unexpected Journey (2012)",303001229,303.001229
54,"Harry Potter and the Half-Blood Prince (2009)",301956980,301.95698
55,"The Twilight Saga: Eclipse (2010)",300523113,300.523113
56,"The Twilight Saga: New Moon (2009)",296623634,296.623634
57,"Harry Potter and the Deathly Hallows: Part 1 (2010)",294980434,294.980434
58,"The Sixth Sense (1999)",293501675,293.501675
59,"Up (2009)",292979556,292.979556
60,"Inception (2010)",292568851,292.568851
61,"The Twilight Saga: Breaking Dawn - Part 2 (2012)",292298923,292.298923
62,"Harry Potter and the Order of the Phoenix (2007)",292000866,292.000866
63,"The Chronicles of Narnia: The Lion, the Witch and the Wardrobe (2005)",291709845,291.709845
64,"Man of Steel (2013)",291021565,291.021565
65,"Star Wars: Episode V - The Empire Strikes Back (1980)",290158751,290.158751
66,"Harry Potter and the Goblet of Fire (2005)",289994397,289.994397
67,"Monsters, Inc. (2001)",289907418,289.907418
68,"Home Alone (1990)",285761243,285.761243
69,"The Matrix Reloaded (2003)",281492479,281.492479
70,"The Twilight Saga: Breaking Dawn - Part 1 (2011)",281275991,281.275991
71,"Meet the Fockers (2004)",279167575,279.167575
72,"The Hangover (2009)",277313371,277.313371
73,"Gravity (2013)",274084951,274.084951
74,"Monsters University (2013)",268488329,268.488329
75,"Shrek (2001)",267652016,267.652016
76,"The Amazing Spider-Man (2012)",262030663,262.030663
77,"Harry Potter and the Chamber of Secrets (2002)",261970615,261.970615
78,"The Incredibles (2004)",261437578,261.437578
79,"How the Grinch Stole Christmas (2000)",260031035,260.031035
80,"Jaws (1975)",260000000,260
81,"Captain America: The Winter Soldier (2014)",259746958,259.746958
82,"The Hobbit: The Desolation of Smaug (2013)",258355354,258.355354
83,"The Lego Movie (2014)",257756197,257.756197
84,"Star Trek (2009)",257704099,257.704099
85,"I Am Legend (2007)",256386216,256.386216
86,"The Blind Side (2009)",255950375,255.950375
87,"The Hobbit: The Battle of the Five Armies (2014)",255108370,255.10837
88,"The Hangover Part II (2011)",254455986,254.455986
89,"Despicable Me (2010)",251501645,251.501645
90,"Batman (1989)",251188924,251.188924
91,"Night at the Museum (2006)",250863268,250.863268
92,"Men in Black (1997)",250147615,250.147615
93,"Harry Potter and the Prisoner of Azkaban (2004)",249358727,249.358727
94,"Toy Story 2 (1999)",245823397,245.823397
95,"Transformers: Age of Extinction (2014)",245428137,245.428137
96,"Cars (2006)",244052771,244.052771
97,"Bruce Almighty (2003)",242589580,242.58958
98,"Raiders of the Lost Ark (1981)",242374454,242.374454
99,"Ghostbusters (1984)",241883122,241.883122
100,"Twister (1996)",241688385,241.688385
101,"My Big Fat Greek Wedding (2002)",241437427,241.437427
102,"Maleficent (2014)",241407328,241.407328
103,"Pirates of the Caribbean: On Stranger Tides (2011)",241063875,241.063875
104,"Fast & Furious 6 (2013)",238673370,238.67337
105,"Shrek Forever After (2010)",238371987,238.371987
106,"Brave (2012)",237282182,237.282182
107,"Oz the Great and Powerful (2013)",234903076,234.903076
108,"Beverly Hills Cop (1984)",234760500,234.7605
109,"X-Men: The Last Stand (2006)",234360014,234.360014
110,"War of the Worlds (2005)",234277056,234.277056
111,"X-Men: Days of Future Past (2014)",233914986,233.914986
112,"Cast Away (2000)",233630478,233.630478
113,"The Lost World: Jurassic Park (1997)",229074524,229.074524
114,"Star Trek Into Darkness (2013)",228756232,228.756232
115,"Signs (2002)",227965690,227.96569
116,"Hancock (2008)",227946274,227.946274
117,"The Bourne Ultimatum (2007)",227225045,227.225045
118,"Rush Hour 2 (2001)",226138454,226.138454
119,"WALL·E (2008)",223806889,223.806889
120,"Big Hero 6 (2014)",222487711,222.487711
121,"National Treasure: Book of Secrets (2007)",219961501,219.961501
122,"Alvin and the Chipmunks: The Squeakquel (2009)",219613391,219.613391
123,"Mrs. Doubtfire (1993)",219200000,219.2
124,"Beauty and the Beast (1991)",218967620,218.96762
125,"Ted (2012)",218628680,218.62868
126,"King Kong (2005)",218051260,218.05126
127,"Ghost (1990)",217631306,217.631306
128,"The Da Vinci Code (2006)",217536138,217.536138
129,"How to Train Your Dragon (2010)",217387997,217.387997
130,"Aladdin (1992)",217350219,217.350219
131,"Alvin and the Chipmunks (2007)",217326336,217.326336
132,"Madagascar 3: Europe's Most Wanted (2012)",216366733,216.366733
133,"Saving Private Ryan (1998)",216119491,216.119491
134,"Mission: Impossible II (2000)",215397307,215.397307
135,"Kung Fu Panda (2008)",215395021,215.395021
136,"X2 (2003)",214948780,214.94878
137,"The Lorax (2012)",213949505,213.949505
138,"Austin Powers in Goldmember (2002)",213079163,213.079163
139,"Back to the Future (1985)",210609762,210.609762
140,"300 (2006)",210592590,210.59259
141,"Fast Five (2011)",209805005,209.805005
142,"Mission: Impossible - Ghost Protocol (2011)",209364921,209.364921
143,"Wedding Crashers (2005)",209218368,209.218368
144,"Sherlock Holmes (2009)",209019489,209.019489
145,"Dawn of the Planet of the Apes (2014)",208543795,208.543795
146,"Charlie and the Chocolate Factory (2005)",206456431,206.456431
147,"Ratatouille (2007)",206435493,206.435493
148,"Thor: The Dark World (2013)",206360018,206.360018
149,"Austin Powers: The Spy Who Shagged Me (1999)",205399422,205.399422
150,"Batman Begins (2005)",205343774,205.343774
151,"Terminator 2: Judgment Day (1991)",204843350,204.84335
152,"The Exorcist (1973)",204565000,204.565
153,"The Amazing Spider-Man 2 (2014)",202853933,202.853933
154,"World War Z (2013)",202351611,202.351611
155,"The Mummy Returns (2001)",202007640,202.00764
156,"Armageddon (1998)",201573391,201.573391
157,"Cinderella (2015)",201108150,201.10815
158,"Tangled (2010)",200807262,200.807262
159,"Godzilla (2014)",200661309,200.661309
160,"Superman Returns (2006)",200069408,200.069408
161,"Gone with the Wind (1939)",198655278,198.655278
162,"Pearl Harbor (2001)",198539855,198.539855
163,"Monsters vs. Aliens (2009)",198332128,198.332128
164,"Happy Feet (2006)",197992827,197.992827
165,"Indiana Jones and the Last Crusade (1989)",197171806,197.171806
166,"Ice Age: Dawn of the Dinosaurs (2009)",196573705,196.573705
167,"Ice Age: The Meltdown (2006)",195329763,195.329763
168,"Madagascar (2005)",193136719,193.136719
169,"Toy Story (1995)",191796233,191.796233
170,"22 Jump Street (2014)",191616238,191.616238
171,"Cars 2 (2011)",191450875,191.450875
172,"Twilight (2008)",191449475,191.449475
173,"Teenage Mutant Ninja Turtles (2014)",190871240,190.87124
174,"Men in Black II (2002)",190418803,190.418803
175,"Wreck-It Ralph (2012)",189412677,189.412677
176,"Interstellar (2014)",187991439,187.991439
177,"Gladiator (2000)",187670866,187.670866
178,"Sherlock Holmes: A Game of Shadows (2011)",187573200,187.5732
179,"The Croods (2013)",187165546,187.165546
180,"The Day After Tomorrow (2004)",186739919,186.739919
181,"Mr. & Mrs. Smith (2005)",186336103,186.336103
182,"Snow White and the Seven Dwarfs (1937)",184925485,184.925485
183,"Dances with Wolves (1990)",184208848,184.208848
184,"Batman Forever (1995)",184031112,184.031112
185,"The Fugitive (1993)",183875760,183.87576
186,"Pitch Perfect 2 (2015)",183436380,183.43638
187,"Ocean's Eleven (2001)",183405771,183.405771
188,"Mission: Impossible - Rogue Nation (2015)",183188977,183.188977
189,"The Simpsons Movie (2007)",183132370,183.13237
190,"What Women Want (2000)",182805123,182.805123
191,"The Perfect Storm (2000)",182618434,182.618434
192,"Lincoln (2012)",182204440,182.20444
193,"Liar Liar (1997)",181395380,181.39538
194,"Grease (1978)",181360000,181.36
195,"Jurassic Park III (2001)",181166115,181.166115
196,"Thor (2011)",181015141,181.015141
197,"Mission: Impossible (1996)",180965237,180.965237
198,"Planet of the Apes (2001)",180011740,180.01174
199,"Madagascar: Escape 2 Africa (2008)",179982968,179.982968
200,"X-Men Origins: Wolverine (2009)",179883016,179.883016
201,"Indiana Jones and the Temple of Doom (1984)",179870271,179.870271
202,"Top Gun (1986)",179767866,179.767866
203,"Men in Black 3 (2012)",179020854,179.020854
204,"Pretty Woman (1990)",178406268,178.406268
205,"Hitch (2005)",177575142,177.575142
206,"Home (2015)",177343675,177.343675
207,"Night at the Museum: Battle of the Smithsonian (2009)",177243721,177.243721
208,"Tootsie (1982)",177200000,177.2
209,"How to Train Your Dragon 2 (2014)",176997107,176.997107
210,"Rise of the Planet of the Apes (2011)",176740650,176.74065
211,"Captain America: The First Avenger (2011)",176636816,176.636816
212,"The Polar Express (2004)",176610096,176.610096
213,"The Karate Kid (2010)",176591618,176.591618
214,"There's Something About Mary (1998)",176483808,176.483808
215,"Ice Age (2002)",176387405,176.387405
216,"The Bourne Supremacy (2004)",176049130,176.04913
217,"Crocodile Dundee (1986)",174635000,174.635
218,"Home Alone 2: Lost in New York (1992)",173585516,173.585516
219,"Elf (2003)",173381405,173.381405
220,"Ant-Man (2015)",173188700,173.1887
221,"National Treasure (2004)",173005002,173.005002
222,"Rain Man (1988)",172825435,172.825435
223,"Air Force One (1997)",172620724,172.620724
224,"Apollo 13 (1995)",172071312,172.071312
225,"TRON: Legacy (2010)",172051787,172.051787
226,"The Matrix (1999)",171383253,171.383253
227,"Tarzan (1999)",171085177,171.085177
228,"True Grit (2010)",171031347,171.031347
229,"A Beautiful Mind (2001)",170708996,170.708996
230,"Chicago (2002)",170684505,170.684505
231,"The Help (2011)",169705587,169.705587
232,"Bridesmaids (2011)",169076745,169.076745
233,"Quantum of Solace (2008)",168368427,168.368427
234,"Wild Hogs (2007)",168213584,168.213584
235,"3 Men and a Baby (1987)",167780960,167.78096
236,"Gone Girl (2014)",167735396,167.735396
237,"Casino Royale (2006)",167007184,167.007184
238,"Meet the Parents (2000)",166225040,166.22504
239,"Fifty Shades of Grey (2015)",166147885,166.147885
240,"2012 (2009)",166112167,166.112167
241,"Robin Hood: Prince of Thieves (1991)",165500000,165.5
242,"Kung Fu Panda 2 (2011)",165230261,165.230261
243,"Hannibal (2001)",165091464,165.091464
244,"Catch Me If You Can (2002)",164435221,164.435221
245,"The Proposal (2009)",163947053,163.947053
246,"Big Daddy (1999)",163479795,163.479795
247,"The Sound of Music (1965)",163214286,163.214286
248,"Clash of the Titans (2010)",163192114,163.192114
249,"Batman Returns (1992)",162831698,162.831698
250,"Django Unchained (2012)",162804648,162.804648
251,"A Bug's Life (1998)",162792677,162.792677
252,"The Pursuit of Happyness (2006)",162586036,162.586036
253,"The SpongeBob Movie: Sponge Out of Water (2015)",162495848,162.495848
254,"Grown Ups (2010)",162001186,162.001186
255,"The Waterboy (1998)",161487252,161.487252
256,"Ice Age: Continental Drift (2012)",161317423,161.317423
257,"Shark Tale (2004)",160762022,160.762022
258,"Die Another Day (2002)",160201106,160.201106
259,"The Sting (1973)",159600000,159.6
260,"The Heat (2013)",159578352,159.578352
261,"The Firm (1993)",158348400,158.3484
262,"The Longest Yard (2005)",158115031,158.115031
263,"X-Men (2000)",157299717,157.299717
264,"Scary Movie (2000)",156997084,156.997084
265,"Fatal Attraction (1987)",156645693,156.645693
266,"What Lies Beneath (2000)",155370362,155.370362
267,"The Mummy (1999)",155247825,155.247825
268,"Snow White and the Huntsman (2012)",155111815,155.111815
269,"Fast & Furious (2009)",155022220,155.02222
270,"Over the Hedge (2006)",155019340,155.01934
271,"Fantastic Four (2005)",154695569,154.695569
272,"Horton Hears a Who! (2008)",154529187,154.529187
273,"San Andreas (2015)",154241930,154.24193
274,"Who Framed Roger Rabbit (1988)",154222492,154.222492
275,"Beverly Hills Cop II (1987)",153665036,153.665036
276,"Jerry Maguire (1996)",153620822,153.620822
277,"Scooby-Doo (2002)",153288182,153.288182
278,"Mad Max: Fury Road (2015)",153011860,153.01186
279,"101 Dalmatians (1961)",153000000,153
280,"Sex and the City (2008)",152637269,152.637269
281,"Runaway Bride (1999)",152149590,152.14959
282,"Divergent (2014)",150832203,150.832203
283,"Straight Outta Compton (2015)",150524195,150.524195
284,"Rambo: First Blood Part II (1985)",150415432,150.415432
285,"We're the Millers (2013)",150368971,150.368971
286,"Terminator 3: Rise of the Machines (2003)",150350192,150.350192
287,"G.I. Joe: The Rise of Cobra (2009)",150167630,150.16763
288,"American Hustle (2013)",150117807,150.117807
289,"Neighbors (2014)",150056505,150.056505
290,"Puss in Boots (2011)",149234747,149.234747
291,"Les Misérables (2012)",148775460,148.77546
292,"Knocked Up (2007)",148734225,148.734225
293,"Little Fockers (2010)",148383780,148.38378
294,"Megamind (2010)",148337537,148.337537
295,"Hotel Transylvania (2012)",148313048,148.313048
296,"Talladega Nights: The Ballad of Ricky Bobby (2006)",148213377,148.213377
297,"Gremlins (1984)",148170000,148.17
298,"Gran Torino (2008)",148085755,148.085755
299,"As Good as It Gets (1997)",147637474,147.637474
300,"Lethal Weapon 2 (1989)",147253986,147.253986
301,"X-Men: First Class (2011)",146405371,146.405371
302,"Paul Blart: Mall Cop (2009)",146336178,146.336178
303,"True Lies (1994)",146282411,146.282411
304,"Lilo & Stitch (2002)",145771527,145.771527
305,"American Pie 2 (2001)",145096820,145.09682
306,"Taken (2008)",145000989,145.000989
307,"The Santa Clause (1994)",144833357,144.833357
308,"The Great Gatsby (2013)",144812796,144.812796
309,"I, Robot (2004)",144795350,144.79535
310,"Lethal Weapon 3 (1992)",144731527,144.731527
311,"The Fast and the Furious (2001)",144512310,144.51231
312,"Doctor Dolittle (1998)",144156464,144.156464
313,"Mamma Mia! (2008)",143704210,143.70421
314,"Rio (2011)",143618384,143.618384
315,"Juno (2007)",143492840,143.49284
316,"Marley & Me (2008)",143151473,143.151473
317,"The Smurfs (2011)",142614158,142.614158
318,"The Jungle Book (1967)",141843612,141.843612
319,"The Chronicles of Narnia: Prince Caspian (2008)",141614023,141.614023
320,"Animal House (1978)",141600000,141.6
321,"Pocahontas (1995)",141600000,141.6
322,"A Few Good Men (1992)",141340178,141.340178
323,"Slumdog Millionaire (2008)",141319195,141.319195
324,"xXx (2002)",141204016,141.204016
325,"Rush Hour (1998)",141153686,141.153686
326,"Cowboys & Aliens (2011)",140555209,140.555209
327,"The Blair Witch Project (1999)",140530114,140.530114
328,"Deep Impact (1998)",140459099,140.459099
329,"Look Who's Talking (1989)",140088813,140.088813
330,"Rush Hour 3 (2007)",140080850,140.08085
331,"Stuart Little (1999)",140015224,140.015224
332,"The Rocky Horror Picture Show (1975)",139876417,139.876417
333,"Taken 2 (2012)",139852971,139.852971
334,"Sister Act (1992)",139610000,139.61
335,"The Matrix Revolutions (2003)",139259759,139.259759
336,"The Santa Clause 2 (2002)",139225854,139.225854
337,"The King's Speech (2010)",138795342,138.795342
338,"Cheaper by the Dozen (2003)",138614544,138.614544
339,"21 Jump Street (2012)",138447667,138.447667
340,"Bad Boys II (2003)",138396624,138.396624
341,"Good Will Hunting (1997)",138339411,138.339411
342,"Platoon (1986)",137963328,137.963328
343,"A Christmas Carol (2009)",137850096,137.850096
344,"Dinosaur (2000)",137748063,137.748063
345,"The Conjuring (2013)",137387272,137.387272
346,"Click (2006)",137340146,137.340146
347,"The Green Mile (1999)",136801374,136.801374
348,"Ransom (1996)",136448821,136.448821
349,"101 Dalmatians (1996)",136182161,136.182161
350,"Godzilla (1998)",136023813,136.023813
351,"Argo (2012)",136019448,136.019448
352,"Chicken Little (2005)",135381507,135.381507
353,"Teenage Mutant Ninja Turtles (1990)",135270000,135.27
354,"Patch Adams (1998)",135014968,135.014968
355,"The Godfather (1972)",134821952,134.821952
356,"Wanted (2008)",134568845,134.568845
357,"Live Free or Die Hard (2007)",134520804,134.520804
358,"The Incredible Hulk (2008)",134518390,134.51839
359,"Identity Thief (2013)",134455175,134.455175
360,"Superman (1978)",134218018,134.218018
361,"Ride Along (2014)",134141530,134.14153
362,"The Rock (1996)",134006721,134.006721
363,"Anger Management (2003)",133756285,133.756285
364,"Grown Ups 2 (2013)",133668525,133.668525
365,"Mission: Impossible III (2006)",133382309,133.382309
366,"Angels & Demons (2009)",133375846,133.375846
367,"Troy (2004)",133228348,133.228348
368,"Alvin and the Chipmunks: Chipwrecked (2011)",133103929,133.103929
369,"The Wolverine (2013)",132550960,132.55096
370,"Bringing Down the House (2003)",132541238,132.541238
371,"The Departed (2006)",132373442,132.373442
372,"Hulk (2003)",132122995,132.122995
373,"Silver Linings Playbook (2012)",132088910,132.08891
374,"Minority Report (2002)",132014112,132.014112
375,"Fantastic 4: Rise of the Silver Surfer (2007)",131920333,131.920333
376,"The Last Airbender (2010)",131564731,131.564731
377,"Rio 2 (2014)",131536019,131.536019
378,"Lara Croft: Tomb Raider (2001)",131144183,131.144183
379,"The Silence of the Lambs (1991)",130727000,130.727
380,"Honey, I Shrunk the Kids (1989)",130724200,130.7242
381,"The Flintstones (1994)",130512915,130.512915
382,"Get Smart (2008)",130313314,130.313314
383,"American Gangster (2007)",130127620,130.12762
384,"American Beauty (1999)",130058047,130.058047
385,"Insurgent (2015)",129995817,129.995817
386,"An Officer and a Gentleman (1982)",129795554,129.795554
387,"Lethal Weapon 4 (1998)",129734803,129.734803
388,"The Nutty Professor (1996)",128769345,128.769345
389,"The Ring (2002)",128579698,128.579698
390,"Borat: Cultural Learnings of America for Make Benefit Glorious Nation of Kazakhstan (2006)",128505958,128.505958
391,"Close Encounters of the Third Kind (1977)",128300000,128.3
392,"Kingsman: The Secret Service (2014)",128248205,128.248205
393,"Robots (2005)",128200012,128.200012
394,"Coming to America (1988)",128152301,128.152301
395,"Crouching Tiger, Hidden Dragon (2000)",128067808,128.067808
396,"Into the Woods (2014)",127997349,127.997349
397,"Shutter Island (2010)",127968405,127.968405
398,"Rocky IV (1985)",127900000,127.9
399,"Enchanted (2007)",127706877,127.706877
400,"The Curious Case of Benjamin Button (2008)",127490802,127.490802
401,"Sweet Home Alabama (2002)",127214072,127.214072
402,"Dumb & Dumber (1994)",127175354,127.175354
403,"2 Fast 2 Furious (2003)",127083765,127.083765
404,"Super 8 (2011)",126975169,126.975169
405,"The World Is Not Enough (1999)",126930660,126.93066
406,"My Best Friend's Wedding (1997)",126805112,126.805112
407,"Smokey and the Bandit (1977)",126737428,126.737428
408,"Sleepless in Seattle (1993)",126670704,126.670704
409,"Bee Movie (2007)",126597121,126.597121
410,"Lucy (2014)",126546825,126.546825
411,"Anchorman 2: The Legend Continues (2013)",126527201,126.527201
412,"Prometheus (2012)",126464904,126.464904
413,"Mr. Deeds (2002)",126203320,126.20332
414,"Safe House (2012)",126149655,126.149655
415,"The Truman Show (1998)",125603360,125.60336
416,"Erin Brockovich (2000)",125548685,125.548685
417,"Ocean's Twelve (2004)",125531634,125.531634
418,"Tomorrow Never Dies (1997)",125332007,125.332007
419,"Terminator Salvation (2009)",125320003,125.320003
420,"Charlie's Angels (2000)",125305545,125.305545
421,"Lone Survivor (2013)",125069696,125.069696
422,"The Vow (2012)",125014030,125.01403
423,"Life of Pi (2012)",124976634,124.976634
424,"Cloudy with a Chance of Meatballs (2009)",124870275,124.870275
425,"The Fault in Our Stars (2014)",124868837,124.868837
426,"The Devil Wears Prada (2006)",124732962,124.732962
427,"Something's Gotta Give (2003)",124590960,124.59096
428,"Traffic (2000)",124107476,124.107476
429,"City Slickers (1991)",124033791,124.033791
430,"The Birdcage (1996)",123986682,123.986682
431,"Good Morning, Vietnam (1987)",123922370,123.92237
432,"Nutty Professor II: The Klumps (2000)",123307945,123.307945
433,"Rango (2011)",123207194,123.207194
434,"Rocky III (1982)",122823200,122.8232
435,"G.I. Joe: Retaliation (2013)",122512052,122.512052
436,"Clear and Present Danger (1994)",122012710,122.01271
437,"The Hunt for Red October (1990)",122012643,122.012643
438,"The Bodyguard (1992)",121945720,121.94572
439,"Wayne's World (1992)",121697350,121.69735
440,"The Bourne Identity (2002)",121468960,121.46896
441,"Superbad (2007)",121463226,121.463226
442,"Speed (1994)",121248145,121.248145
443,"50 First Dates (2004)",120776832,120.776832
444,"Mulan (1998)",120618403,120.618403
445,"Inglourious Basterds (2009)",120523073,120.523073
446,"Seabiscuit (2003)",120147445,120.147445
447,"Four Christmases (2008)",120136047,120.136047
448,"Van Helsing (2004)",120025245,120.025245
449,"The Mask (1994)",119938730,119.93873
450,"Cloudy with a Chance of Meatballs 2 (2013)",119793567,119.793567
451,"I Now Pronounce You Chuck & Larry (2007)",119684970,119.68497
452,"Hook (1991)",119654900,119.6549
453,"Walk the Line (2005)",119518352,119.518352
454,"Blazing Saddles (1974)",119500000,119.5
455,"G-Force (2009)",119420252,119.420252
456,"Total Recall (1990)",119412921,119.412921
457,"On Golden Pond (1981)",119285432,119.285432
458,"The Other Guys (2010)",119219978,119.219978
459,"Fahrenheit 9/11 (2004)",119078393,119.078393
460,"Hairspray (2007)",118823091,118.823091
461,"The Break-Up (2006)",118683135,118.683135
462,"Lemony Snicket's A Series of Unfortunate Events (2004)",118627117,118.627117
463,"Back to the Future Part II (1989)",118500000,118.5
464,"The Sum of All Fears (2002)",118471320,118.47132
465,"Salt (2010)",118311368,118.311368
466,"Blades of Glory (2007)",118153533,118.153533
467,"Basic Instinct (1992)",117727224,117.727224
468,"Now You See Me (2013)",117698894,117.698894
469,"Big Momma's House (2000)",117559438,117.559438
470,"Die Hard 2 (1990)",117541000,117.541
471,"Horrible Bosses (2011)",117528646,117.528646
472,"Rocky (1976)",117235247,117.235247
473,"Jackass 3D (2010)",117224271,117.224271
474,"Ocean's Thirteen (2007)",117144465,117.144465
475,"The Wolf of Wall Street (2013)",116866727,116.866727
476,"Double Jeopardy (1999)",116735231,116.735231
477,"8 Mile (2002)",116724075,116.724075
478,"S.W.A.T. (2003)",116643346,116.643346
479,"Lee Daniels' The Butler (2013)",116631310,116.63131
480,"Green Lantern (2011)",116593191,116.593191
481,"Notting Hill (1999)",116006080,116.00608
482,"The Towering Inferno (1974)",116000000,116
483,"Ghost Rider (2007)",115802596,115.802596
484,"You've Got Mail (1998)",115731542,115.731542
485,"Remember the Titans (2000)",115648585,115.648585
486,"District 9 (2009)",115646235,115.646235
487,"Unbroken (2014)",115603980,115.60398
488,"The Karate Kid, Part II (1986)",115103979,115.103979
489,"American Graffiti (1973)",115000000,115
490,"Big (1988)",114968774,114.968774
491,"Dodgeball: A True Underdog Story (2004)",114324072,114.324072
492,"The Village (2004)",114195633,114.195633
493,"Bolt (2008)",114053579,114.053579
494,"Wild Wild West (1999)",113745408,113.745408
495,"Night at the Museum: Secret of the Tomb (2014)",113733726,113.733726
496,"Magic Mike (2012)",113709992,113.709992
497,"The Addams Family (1991)",113502246,113.502246
498,"The Patriot (2000)",113330342,113.330342
499,"The Bourne Legacy (2012)",113165635,113.165635
500,"The Pacifier (2005)",113006880,113.00688
501,"Dr. Dolittle 2 (2001)",112950721,112.950721
502,"It's Complicated (2009)",112703470,112.70347
503,"Spy Kids (2001)",112692062,112.692062
504,"Ghostbusters II (1989)",112494738,112.494738
505,"Face/Off (1997)",112225777,112.225777
506,"The Hangover Part III (2013)",112186625,112.186625
507,"One Flew Over the Cuckoo's Nest (1975)",112000000,112
508,"Twins (1988)",111936400,111.9364
509,"Spy Kids 3-D: Game Over (2003)",111760631,111.760631
510,"Doctor Zhivago (1965)",111722000,111.722
511,"Enemy of the State (1998)",111544445,111.544445
512,"Mr. Peabody & Sherman (2014)",111505642,111.505642
513,"The Last Samurai (2003)",111110575,111.110575
514,"Valentine's Day (2010)",110476776,110.476776
515,"Tropic Thunder (2008)",110416702,110.416702
516,"Spy (2015)",110349112,110.349112
517,"Fun with Dick and Jane (2005)",110332737,110.332737
518,"Freaky Friday (2003)",110222438,110.222438
519,"The Grudge (2004)",110175871,110.175871
520,"Scary Movie 3 (2003)",110000082,110.000082
521,"Bedtime Stories (2008)",109993847,109.993847
522,"The Little Mermaid (1989)",109859444,109.859444
523,"Star Trek IV: The Voyage Home (1986)",109713132,109.713132
524,"Crocodile Dundee II (1988)",109306210,109.30621
525,"The 40-Year-Old Virgin (2005)",109243478,109.243478
526,"Couples Retreat (2009)",109176215,109.176215
527,"A Time to Kill (1996)",108706165,108.706165
528,"Black Hawk Down (2001)",108638745,108.638745
529,"Terms of Endearment (1983)",108423489,108.423489
530,"Ace Ventura: When Nature Calls (1995)",108360000,108.36
531,"The Princess Diaries (2001)",108244774,108.244774
532,"Superman II (1980)",108200000,108.2
533,"Hop (2011)",108012170,108.01217
534,"Pulp Fiction (1994)",107930000,107.93
535,"Paranormal Activity (2007)",107917283,107.917283
536,"Epic (2013)",107515297,107.515297
537,"Watchmen (2009)",107503316,107.503316
538,"A League of Their Own (1992)",107458785,107.458785
539,"Batman & Robin (1997)",107285004,107.285004
540,"Captain Phillips (2013)",107100855,107.100855
541,"Black Swan (2010)",106952327,106.952327
542,"Miss Congeniality (2000)",106807667,106.807667
543,"Chicken Run (2000)",106793915,106.793915
544,"Analyze This (1999)",106694016,106.694016
545,"GoldenEye (1995)",106635996,106.635996
546,"Indecent Proposal (1993)",106614100,106.6141
547,"Driving Miss Daisy (1989)",106593296,106.593296
548,"Love Story (1970)",106400000,106.4
549,"300: Rise of an Empire (2014)",106369117,106.369117
550,"Kramer vs. Kramer (1979)",106300000,106.3
551,"The Italian Job (2003)",106126012,106.126012
552,"Every Which Way But Loose (1978)",105918400,105.9184
553,"How to Lose a Guy in 10 Days (2003)",105807520,105.80752
554,"Porky's (1981)",105500000,105.5
555,"The First Wives Club (1996)",105444419,105.444419
556,"Interview with the Vampire: The Vampire Chronicles (1994)",105264608,105.264608
557,"George of the Jungle (1997)",105263257,105.263257
558,"Robin Hood (2010)",105219735,105.219735
559,"Trainwreck (2015)",105081865,105.081865
560,"Phenomenon (1996)",104632573,104.632573
561,"The Graduate (1967)",104397102,104.397102
562,"The Chronicles of Narnia: The Voyage of the Dawn Treader (2010)",104383624,104.383624
563,"The Princess and the Frog (2009)",104374107,104.374107
564,"American Wedding (2003)",104354205,104.354205
565,"Daddy Day Care (2003)",104148781,104.148781
566,"Road to Perdition (2002)",104054514,104.054514
567,"Paranormal Activity 3 (2011)",104007828,104.007828
568,"Journey 2: The Mysterious Island (2012)",103812241,103.812241
569,"Dick Tracy (1990)",103738726,103.738726
570,"Rise of the Guardians (2012)",103400692,103.400692
571,"Dreamgirls (2006)",103338338,103.338338
572,"Nine to Five (1980)",103290500,103.2905
573,"Just Go with It (2011)",103028109,103.028109
574,"Scream (1996)",103001286,103.001286
575,"The Expendables (2010)",102981571,102.981571
576,"Jaws 2 (1978)",102922376,102.922376
577,"Bambi (1942)",102797150,102.79715
578,"The General's Daughter (1999)",102678089,102.678089
579,"The Aviator (2004)",102608827,102.608827
580,"Daredevil (2003)",102543518,102.543518
581,"The Girl with the Dragon Tattoo (2011)",102515793,102.515793
582,"The Maze Runner (2014)",102413606,102.413606
583,"In the Line of Fire (1993)",102314283,102.314283
584,"Butch Cassidy and the Sundance Kid (1969)",102308900,102.3089
585,"Mary Poppins (1964)",102300000,102.3
586,"The Mummy: Tomb of the Dragon Emperor (2008)",102176165,102.176165
587,"Jackass Presents: Bad Grandpa (2013)",101978840,101.97884
588,"Pacific Rim (2013)",101785482,101.785482
589,"American Pie (1999)",101736215,101.736215
590,"Journey to the Center of the Earth (2008)",101702060,101.70206
591,"Gone in Sixty Seconds (2000)",101643008,101.643008
592,"Maverick (1994)",101631272,101.631272
593,"Sleeping with the Enemy (1991)",101580000,101.58
594,"The Equalizer (2014)",101530738,101.530738
595,"Stir Crazy (1980)",101500000,101.5
596,"This Is the End (2013)",101470202,101.470202
597,"Scream 2 (1997)",101334374,101.334374
598,"Eraser (1996)",101228120,101.22812
599,"The Prince of Egypt (1998)",101217900,101.2179
600,"Noah (2014)",101160529,101.160529
601,"Unforgiven (1992)",101157447,101.157447
602,"Eagle Eye (2008)",101111837,101.111837
603,"Con Air (1997)",101087161,101.087161
604,"Sleepy Hollow (1999)",101068340,101.06834
605,"Contact (1997)",100853835,100.853835
606,"The Pelican Brief (1993)",100768056,100.768056
607,"Charlie's Angels: Full Throttle (2003)",100685880,100.68588
608,"Vanilla Sky (2001)",100614858,100.614858
609,"The Rugrats Movie (1998)",100491683,100.491683
610,"Airport (1970)",100489150,100.48915
611,"Step Brothers (2008)",100468793,100.468793
612,"Due Date (2010)",100448498,100.448498
613,"Dr. Seuss' The Cat in the Hat (2003)",100446895,100.446895
614,"Million Dollar Baby (2004)",100422786,100.422786
615,"Casper (1995)",100328194,100.328194
616,"Bad Teacher (2011)",100292856,100.292856
617,"Evan Almighty (2007)",100289690,100.28969
618,"Shakespeare in Love (1998)",100241322,100.241322
619,"Jumanji (1995)",100200000,100.2
620,"Edge of Tomorrow (2014)",100189501,100.189501
621,"Yogi Bear (2010)",100169068,100.169068
622,"Se7en (1995)",100125340,100.12534
623,"The Hunchback of Notre Dame (1996)",100117603,100.117603
624,"Parenthood (1989)",100050000,100.05
625,"You Don't Mess with the Zohan (2008)",100018837,100.018837
626,"Die Hard: With a Vengeance (1995)",100012500,100.0125
627,"Collateral (2004)",100003492,100.003492
